CompanyId,ReadingDate,DailyVolume(m3),ReadingType
4,02/11/2023,168.25,Actual
6,16/03/2024,1015.64,Actual
8,29/06/2023,189.85,Actual
12,25/05/2024,80.99,Actual
1,21/08/2023,80.42,Actual
17,29/01/2024,129.01,Actual
2,09/06/2025,144.41,Estimated
16,09/10/2025,1003.33,Actual
3,27/07/2025,927.61,Estimated
14,27/12/2025,182.18,Actual
15,10/12/2023,167.95,Actual
5,21/08/2023,87,Actual
10,08/09/2025,922.22,Estimated
7,20/09/2025,114.95,Actual
20,18/02/2025,110.85,Actual
11,14/02/2025,863.35,Estimated
9,25/08/2025,114.5,Actual
13,10/01/2024,653.65,Actual
18,05/12/2024,374.52,Actual
19,31/05/2023,564.28,Actual
13,18/08/2024,750.65,Actual
20,20/08/2025,138.3,Actual
16,23/10/2025,907.11,Actual
15,05/10/2025,176.28,Estimated
5,04/10/2024,100.72,Actual
3,11/05/2025,966.72,Actual
4,21/09/2025,186.71,Estimated
14,06/09/2024,187.41,Actual
11,15/06/2024,843.31,Actual
6,06/06/2025,1073.59,Estimated
7,30/07/2023,133.52,Actual
8,19/02/2024,212.14,Actual
1,26/08/2025,110.67,Actual
9,30/08/2025,113.06,Actual
19,14/06/2024,613.11,Actual
12,03/03/2025,119.51,Actual
18,17/10/2025,312.82,Actual
10,09/05/2024,883.65,Actual
17,20/08/2024,151.28,Actual
2,12/02/2025,143.4,Actual
7,23/04/2024,131.78,Estimated
17,25/03/2025,139.28,Actual
1,21/07/2024,88.65,Actual
13,05/12/2024,614.25,Actual
15,18/02/2025,174.1,Actual
8,22/09/2023,207.62,Actual
11,20/10/2023,875.88,Actual
18,07/05/2025,368.78,Actual
6,12/06/2025,960.68,Actual
14,21/04/2024,190.4,Actual
5,05/02/2023,73.67,Actual
3,09/09/2023,970.45,Actual
16,30/10/2025,901.2,Actual
12,08/08/2024,94.59,Actual
9,04/06/2023,101.69,Actual
19,18/11/2023,515.32,Actual
20,30/01/2023,124.96,Actual
10,25/03/2024,872.12,Actual
2,06/01/2023,168.32,Actual
4,09/12/2023,160.33,Estimated
14,27/08/2025,216.14,Actual
12,14/07/2025,81.28,Estimated
8,10/10/2024,187.47,Estimated
7,14/05/2023,110.58,Actual
5,02/03/2025,99.71,Actual
1,16/05/2024,108.6,Actual
2,06/09/2025,177.7,Actual
11,14/09/2023,775.78,Actual
6,15/02/2023,15009.64,Actual
3,13/11/2025,984.68,Actual
20,26/10/2023,115.13,Actual
19,26/03/2024,648.77,Actual
18,28/01/2024,358.52,Estimated
4,30/09/2024,171.59,Actual
17,22/02/2024,146.12,Actual
9,19/06/2024,115.54,Estimated
15,25/05/2025,172.06,Actual
13,03/09/2025,625.6,Actual
10,10/08/2024,873.96,Actual
16,11/09/2023,987.49,Actual
6,01/05/2023,988.06,Actual
3,10/03/2024,972.7,Estimated
18,29/08/2023,393.13,Actual
1,19/10/2025,118.86,Actual
14,06/05/2025,205.65,Actual
17,23/06/2025,126.56,Actual
20,17/04/2025,135.02,Actual
2,30/10/2025,173.79,Actual
13,20/12/2023,782,Actual
10,02/11/2025,941.81,Actual
4,06/02/2024,189.59,Actual
11,06/02/2023,775.95,Estimated
8,02/02/2024,208.16,Actual
12,02/12/2023,82.01,Actual
15,19/07/2024,170.36,Actual
19,16/04/2023,634.82,Actual
16,17/02/2024,1006.5,Actual
9,09/11/2024,90.74,Actual
5,19/06/2025,77.06,Actual
7,13/09/2023,118.2,Actual
17,31/05/2023,126.22,Actual
19,02/10/2025,528.53,Actual
2,01/10/2023,150.19,Actual
16,30/07/2024,932.87,Actual
4,06/12/2025,179.32,Actual
12,18/04/2023,107.56,Actual
7,13/04/2024,101.64,Actual
1,12/03/2024,119.13,Actual
9,18/08/2023,113.68,Actual
8,23/10/2024,214.26,Actual
11,07/07/2025,716.08,Estimated
6,07/12/2023,1051.87,Actual
3,15/06/2025,907.97,Actual
20,16/03/2023,126.04,Actual
10,09/08/2023,895.19,Actual
5,17/05/2025,80.02,Actual
18,14/01/2024,332.55,Actual
13,31/03/2025,655.57,Actual
15,23/06/2023,176.25,Estimated
14,18/04/2023,220.59,Actual
15,22/03/2023,180.98,Actual
12,01/10/2025,91.91,Actual
17,23/11/2024,137.89,Actual
4,16/03/2024,150.78,Actual
20,14/01/2023,114.08,Actual
9,20/10/2023,99.59,Actual
13,22/03/2024,798.7,Actual
14,03/12/2024,196.26,Actual
3,27/08/2024,984.56,Actual
2,30/04/2024,179.18,Actual
6,07/03/2025,959.05,Actual
19,13/06/2024,504.31,Actual
18,09/02/2024,391.78,Actual
11,05/06/2025,780.16,Actual
8,21/01/2023,182.22,Actual
16,20/04/2023,971.06,Actual
7,29/07/2024,121.89,Actual
1,30/03/2023,95.25,Actual
5,21/03/2025,72.08,Estimated
10,06/02/2025,863.66,Actual
6,30/03/2023,977.86,Estimated
13,04/03/2024,621.63,Actual
2,17/09/2023,173.05,Estimated
9,24/02/2023,124.42,Actual
20,29/12/2024,134.86,Actual
8,15/03/2025,193.64,Actual
12,18/01/2025,92.32,Actual
3,16/12/2024,983.31,Estimated
5,08/01/2025,70.71,Actual
10,15/07/2024,888.93,Actual
17,29/10/2025,127.37,Actual
4,27/12/2023,171.21,Estimated
16,17/02/2025,1027.14,Actual
15,19/01/2024,184.25,Estimated
14,20/05/2025,189.26,Actual
11,07/02/2025,735.12,Actual
7,27/11/2023,124.12,Estimated
19,11/07/2023,609.26,Actual
1,30/09/2024,93.54,Actual
18,13/12/2024,335,Actual
19,22/01/2024,648.57,Actual
7,25/08/2024,135.5,Estimated
10,14/07/2024,25656.26,Estimated
13,03/05/2024,697.8,Actual
14,26/10/2023,201.33,Actual
12,28/06/2023,93.79,Actual
3,21/08/2024,956.49,Actual
6,04/01/2024,1081.2,Estimated
4,30/06/2025,168.92,Actual
18,14/04/2023,347.71,Actual
9,03/06/2024,113.04,Actual
15,27/03/2025,164.17,Estimated
11,29/12/2025,878.46,Actual
5,17/07/2024,80.92,Estimated
20,17/01/2025,121.21,Actual
16,06/09/2024,938.76,Actual
1,15/09/2024,82.17,Actual
17,13/04/2025,159.53,Actual
2,26/08/2023,171,Actual
8,08/11/2025,193.42,Actual
5,04/06/2024,107.97,Actual
13,10/05/2023,694.37,Actual
11,21/04/2025,795.06,Actual
10,19/07/2023,884.27,Actual
20,17/06/2025,134.26,Actual
2,01/04/2025,153.76,Actual
8,10/01/2024,202.27,Actual
7,08/11/2023,126.69,Actual
1,16/06/2024,91.48,Actual
4,14/09/2025,173.88,Actual
19,23/10/2024,538.72,Actual
12,23/04/2024,109.9,Actual
17,13/03/2023,133.91,Actual
18,11/12/2024,330.52,Actual
15,25/03/2024,180.49,Actual
14,03/03/2025,186.01,Actual
9,09/04/2023,123.14,Actual
6,23/09/2024,1042.51,Estimated
3,24/11/2024,915.71,Actual
16,15/04/2023,1019.93,Actual
2,17/10/2024,168.63,Actual
18,21/06/2023,358.11,Actual
19,29/10/2025,592.59,Actual
15,06/12/2024,188.41,Actual
9,04/08/2024,104.27,Actual
20,11/11/2025,148.99,Actual
8,26/11/2023,196.77,Actual
6,31/05/2025,969.93,Actual
16,01/10/2025,947.67,Actual
17,22/09/2024,132.38,Actual
4,23/11/2023,181.34,Actual
1,02/09/2025,90.6,Actual
10,14/02/2024,898.45,Actual
14,19/02/2024,192.94,Actual
13,03/12/2025,745.33,Estimated
12,07/04/2023,113.66,Actual
11,07/06/2025,792.5,Actual
7,15/12/2024,101.11,Actual
3,03/08/2024,929.21,Actual
5,29/04/2024,104.03,Actual
3,09/01/2023,921.33,Actual
1,11/08/2023,87.3,Actual
19,24/12/2023,630.02,Actual
2,07/06/2025,164.93,Actual
10,05/08/2025,908.78,Estimated
5,29/12/2025,84.43,Actual
6,29/06/2025,1008.98,Actual
16,02/12/2024,969.49,Actual
8,20/01/2024,210.46,Estimated
20,21/06/2024,126.56,Actual
4,17/01/2025,171.56,Actual
18,29/06/2025,340.07,Actual
13,08/06/2023,787.39,Actual
17,20/03/2024,126.76,Actual
9,07/12/2024,130.15,Actual
11,17/03/2024,842.96,Actual
15,04/01/2025,158.34,Estimated
7,29/03/2024,109.14,Actual
12,04/08/2025,111.38,Actual
14,29/01/2024,188.41,Estimated
4,01/03/2024,152.8,Actual
18,06/04/2025,365.47,Actual
5,02/06/2023,110.28,Estimated
19,29/10/2023,565.4,Estimated
8,11/07/2024,185.56,Actual
9,02/09/2024,119.35,Actual
3,11/10/2023,984.95,Actual
11,05/03/2023,829.52,Actual
2,16/12/2025,153.19,Estimated
16,03/04/2024,922.16,Actual
15,20/09/2024,152.43,Actual
12,04/12/2024,115.54,Estimated
7,10/04/2025,134,Actual
10,12/10/2023,942.27,Actual
1,21/06/2023,84.22,Actual
20,15/11/2025,147.97,Actual
6,02/07/2024,1015.32,Actual
14,20/01/2024,202.62,Estimated
13,19/09/2024,659.2,Actual
17,09/01/2025,152.01,Actual
3,06/09/2025,953.83,Actual
14,03/12/2024,193.68,Actual
15,30/03/2024,160.34,Actual
20,02/12/2023,124.77,Actual
17,21/02/2023,155.45,Actual
10,12/05/2024,930.29,Actual
2,19/05/2024,144.85,Actual
8,03/06/2023,197.36,Estimated
5,18/07/2025,110.06,Actual
6,11/12/2024,996.15,Actual
7,27/09/2024,111.14,Estimated
12,26/01/2023,94.43,Actual
18,09/11/2024,390.59,Actual
13,16/03/2023,756.45,Actual
9,02/11/2023,113.2,Actual
16,10/02/2024,927.84,Actual
1,18/07/2023,120.54,Actual
4,25/07/2024,182.57,Actual
19,21/12/2024,556.52,Actual
11,31/01/2023,746.17,Actual
8,24/07/2023,204,Estimated
6,11/05/2023,1020.87,Actual
17,31/12/2023,147.26,Actual
18,28/01/2023,336.66,Actual
20,09/11/2025,122.28,Actual
7,10/05/2025,106.38,Actual
16,15/06/2024,907.08,Actual
11,28/02/2024,747.37,Actual
9,28/02/2025,120.3,Estimated
2,21/02/2023,180.91,Actual
19,06/05/2025,513.16,Actual
5,25/05/2025,74.41,Actual
3,09/08/2024,942.02,Actual
4,21/07/2024,181.05,Actual
15,07/12/2023,153.76,Actual
12,27/04/2025,107.79,Actual
14,25/07/2025,213.78,Actual
13,30/03/2024,606.68,Actual
1,03/01/2025,99.54,Actual
10,10/11/2023,892.16,Actual
6,14/01/2025,963.37,Actual
1,01/04/2023,93.28,Actual
8,09/05/2025,211.01,Actual
20,12/06/2025,140.15,Actual
11,13/11/2025,879.22,Estimated
19,05/04/2024,627.17,Actual
14,09/04/2025,201.66,Actual
13,08/12/2025,707.25,Actual
4,25/10/2025,174.16,Actual
15,31/07/2024,179.51,Estimated
16,04/02/2025,930.46,Actual
9,19/11/2025,99.75,Estimated
18,08/09/2023,311.23,Actual
2,07/05/2023,179.21,Estimated
10,19/01/2023,857.87,Actual
5,29/09/2025,89.66,Actual
3,14/09/2024,954.81,Actual
7,21/04/2025,127,Actual
12,19/12/2023,88.88,Actual
17,26/09/2023,156.63,Actual
2,12/10/2025,140.27,Actual
5,31/07/2023,88.8,Actual
16,11/01/2024,1009.95,Actual
20,15/06/2024,125.37,Actual
18,25/09/2023,328.36,Estimated
13,11/01/2024,769.94,Actual
14,05/09/2024,207.9,Actual
17,24/08/2025,156.36,Actual
12,08/02/2024,106.21,Actual
11,13/05/2024,815.1,Estimated
6,12/08/2023,1056.99,Actual
7,04/02/2023,117.24,Actual
10,21/12/2024,881.47,Actual
8,24/05/2025,196.01,Actual
15,02/02/2025,177.76,Actual
19,14/05/2023,632.07,Actual
9,06/09/2025,98.26,Actual
4,04/07/2024,164.89,Actual
1,31/01/2023,89.46,Actual
3,17/09/2024,993.35,Actual
4,02/02/2025,155.74,Actual
13,14/12/2023,702.34,Actual
5,28/06/2023,88.28,Actual
12,06/09/2024,87.23,Actual
20,10/02/2023,126.65,Actual
11,12/07/2025,836.37,Actual
7,21/06/2025,104.85,Actual
8,06/01/2023,203.44,Actual
15,17/05/2025,154.88,Estimated
16,04/05/2025,912.99,Actual
18,27/08/2025,388.6,Actual
1,07/06/2023,115.69,Actual
3,31/05/2025,968.41,Actual
14,02/04/2025,193.17,Actual
6,04/02/2024,1055.54,Actual
17,10/10/2025,140.01,Actual
19,27/03/2025,592.79,Estimated
2,09/07/2025,162.71,Actual
10,26/04/2023,893.66,Actual
9,12/01/2023,128.64,Actual
3,06/06/2024,984.51,Actual
5,13/01/2023,91.27,Estimated
7,03/08/2025,128.57,Actual
9,19/02/2024,102.2,Actual
15,24/09/2025,176.01,Actual
19,18/06/2025,592.03,Actual
2,30/07/2024,178.25,Estimated
6,19/07/2023,969.32,Actual
12,17/11/2024,88.56,Actual
17,12/02/2025,131.21,Estimated
1,18/08/2024,93.96,Actual
20,30/05/2025,127.6,Actual
14,03/08/2025,209.92,Estimated
16,13/02/2024,950.14,Actual
8,21/10/2023,208.39,Actual
4,29/02/2024,162.97,Actual
11,09/04/2024,851.35,Actual
10,28/11/2023,914.52,Actual
13,26/11/2025,625.09,Actual
18,05/03/2024,334.43,Actual
10,20/08/2023,947.48,Estimated
16,30/01/2024,957.29,Actual
7,11/10/2025,117.57,Actual
4,01/07/2025,174.11,Actual
18,13/03/2024,306.41,Actual
15,11/11/2025,183.36,Actual
17,22/01/2023,134.43,Actual
11,19/09/2024,718.15,Actual
9,09/06/2025,128.95,Actual
5,01/09/2023,77.38,Actual
19,05/03/2025,638.55,Actual
20,14/12/2024,142.25,Actual
1,20/01/2024,103.56,Estimated
6,14/01/2025,1016.22,Estimated
2,01/08/2025,176.89,Estimated
14,14/10/2023,207.88,Actual
13,20/12/2023,732.69,Actual
12,14/03/2023,98.12,Actual
3,06/04/2025,948.22,Actual
8,05/08/2025,210.28,Actual
3,22/03/2024,934.66,Actual
16,25/04/2024,949.57,Actual
12,02/03/2024,83.45,Actual
10,22/10/2023,906.18,Actual
13,13/08/2023,787.57,Actual
11,12/07/2025,848.42,Actual
17,04/01/2024,159.74,Actual
9,10/01/2025,103.27,Actual
6,27/08/2024,1076.3,Actual
8,08/06/2024,184.12,Actual
14,24/05/2024,192.84,Actual
18,08/10/2025,363.85,Estimated
19,25/08/2025,551.65,Actual
7,09/03/2023,101.41,Actual
4,16/04/2024,165.06,Estimated
5,29/11/2025,91.72,Actual
20,01/10/2023,138.08,Estimated
15,05/03/2025,179.3,Actual
1,13/11/2025,90.56,Actual
2,23/02/2025,165.27,Actual
12,13/05/2024,102.12,Estimated
11,15/03/2023,865.27,Actual
19,01/12/2024,508.65,Actual
16,02/03/2024,953.92,Actual
13,29/09/2023,656.14,Actual
15,23/07/2025,190.12,Actual
8,25/10/2024,188.77,Actual
17,05/02/2023,127.6,Actual
7,06/06/2025,120.85,Estimated
14,04/10/2023,208.72,Estimated
10,10/06/2023,937.52,Actual
2,13/01/2025,142.09,Actual
20,26/11/2023,143.05,Estimated
4,07/06/2025,161.12,Actual
5,02/06/2025,104.53,Actual
18,20/11/2024,310.68,Estimated
1,13/06/2023,92.24,Actual
3,31/05/2025,964.54,Actual
6,10/07/2023,967.54,Estimated
9,06/07/2025,125.25,Actual
18,30/11/2024,307.91,Actual
1,28/06/2023,104.07,Actual
6,22/02/2025,1098.96,Actual
4,20/06/2023,152.28,Estimated
10,11/04/2025,928.14,Actual
2,12/12/2025,175.39,Actual
3,29/01/2023,901.34,Actual
19,26/08/2023,552.28,Actual
11,11/05/2025,895.01,Actual
15,19/07/2024,161.52,Estimated
12,10/06/2025,85.16,Actual
20,23/12/2024,111.66,Actual
13,26/11/2023,698.38,Estimated
17,21/03/2025,155.73,Estimated
16,14/05/2025,1003.99,Actual
14,06/04/2024,181.86,Actual
7,09/09/2025,102.58,Actual
9,22/07/2023,95.44,Actual
8,30/12/2025,208.68,Actual
5,19/12/2025,83.2,Actual
2,03/12/2023,167.95,Actual
8,10/03/2025,210.93,Estimated
3,08/06/2023,925.99,Actual
1,07/01/2024,95.68,Actual
15,11/01/2024,154.94,Actual
5,21/07/2023,78.02,Actual
16,02/11/2024,1043.98,Actual
6,29/10/2025,1037.25,Actual
11,04/12/2023,840.05,Actual
20,07/12/2023,118.2,Actual
9,19/07/2023,125.83,Actual
10,03/03/2025,874.44,Actual
12,06/07/2025,110.41,Actual
4,15/02/2024,151.84,Actual
13,06/07/2023,703.44,Actual
18,16/06/2025,391.99,Actual
14,10/10/2025,186.37,Actual
17,02/10/2023,139.16,Estimated
7,21/05/2025,132.37,Estimated
19,22/05/2023,581.82,Estimated
5,21/03/2025,100.37,Estimated
20,10/03/2023,146.74,Actual
17,25/11/2023,144.85,Actual
19,15/08/2024,539.33,Actual
6,01/01/2023,1079.24,Actual
13,02/09/2023,728.78,Actual
1,27/12/2025,98.25,Actual
2,16/02/2025,177.08,Actual
15,08/10/2025,151.1,Actual
14,23/09/2024,215.98,Actual
11,11/11/2025,742.96,Actual
8,14/08/2023,192.71,Actual
10,27/06/2024,927.61,Actual
3,31/12/2024,932.22,Estimated
4,03/10/2023,179.25,Actual
16,11/10/2024,1016.62,Actual
18,21/02/2023,394.02,Actual
12,12/06/2023,83.14,Actual
9,12/03/2025,105.49,Actual
7,18/06/2025,120.32,Actual
7,23/08/2024,124.18,Actual
1,02/01/2023,99.02,Actual
20,20/11/2023,117.53,Actual
3,09/03/2023,957.79,Actual
4,25/08/2024,158.86,Estimated
15,23/04/2025,151,Actual
10,02/06/2023,873.06,Estimated
17,15/07/2025,124.14,Actual
6,22/11/2023,1047.19,Actual
16,13/06/2025,920.8,Actual
19,24/09/2024,618.28,Actual
11,22/08/2024,727.01,Estimated
14,11/09/2025,200.71,Actual
5,21/08/2025,94.22,Estimated
18,14/12/2023,359.41,Actual
8,04/01/2023,196.29,Actual
12,15/01/2024,97.59,Actual
13,29/01/2025,632.06,Actual
2,19/12/2024,148.01,Actual
9,22/05/2024,118.21,Actual
6,05/04/2024,1031.72,Actual
20,11/01/2024,129.39,Actual
3,17/09/2023,959.89,Estimated
14,23/09/2024,204.53,Actual
11,30/06/2025,856.34,Estimated
15,12/09/2024,161.96,Actual
1,22/10/2025,80.1,Actual
13,16/12/2025,618.32,Actual
10,11/08/2024,946.84,Actual
5,08/03/2025,100.66,Actual
16,18/02/2024,1031.85,Actual
9,20/09/2024,108.14,Actual
19,24/10/2024,555.99,Actual
8,28/08/2025,201.45,Actual
2,31/08/2025,142.29,Actual
7,20/07/2024,113.67,Estimated
18,30/10/2024,310.17,Actual
17,10/11/2025,159.72,Actual
12,17/11/2025,120.49,Actual
4,01/09/2025,155.31,Actual
6,01/03/2024,974.57,Estimated
16,09/08/2023,937.61,Actual
20,28/03/2023,112.91,Actual
14,02/10/2025,215.54,Actual
7,20/10/2023,107.74,Actual
17,16/12/2024,143.45,Actual
12,16/11/2023,85.64,Actual
5,25/04/2023,109,Actual
8,15/04/2025,201.04,Actual
2,16/12/2023,161.09,Estimated
3,16/10/2025,986.6,Actual
9,17/10/2023,122.53,Actual
15,18/09/2023,180.39,Actual
13,28/09/2023,766.33,Estimated
1,06/12/2025,104.22,Estimated
4,01/10/2024,166.06,Actual
19,20/02/2025,603.05,Estimated
11,07/06/2025,745.81,Actual
10,08/07/2025,935.83,Estimated
18,26/06/2025,325.58,Actual
19,26/05/2024,502.62,Estimated
6,14/05/2024,1077.2,Actual
18,12/09/2023,386.67,Actual
3,01/04/2025,972.9,Actual
15,21/01/2024,157.75,Actual
10,14/12/2024,867.61,Actual
16,28/07/2025,1050.78,Actual
5,04/04/2025,92.41,Actual
13,30/04/2025,748.4,Actual
17,17/10/2024,136.98,Actual
4,17/11/2025,178.02,Actual
1,13/12/2024,88.21,Actual
2,21/08/2025,159.16,Actual
8,20/07/2023,218.13,Actual
11,02/10/2023,864.14,Actual
9,05/11/2024,107.25,Actual
12,30/11/2025,110.24,Actual
20,16/03/2025,134.4,Actual
7,25/08/2025,102.93,Actual
14,22/06/2024,190.61,Actual
5,11/07/2023,87.26,Actual
19,07/06/2025,553.56,Actual
8,15/10/2023,190.21,Estimated
11,17/10/2024,887.72,Actual
20,10/04/2025,143.15,Actual
12,17/09/2023,101.85,Actual
16,20/01/2023,990.12,Actual
14,31/03/2023,217.47,Estimated
4,05/11/2025,186.16,Actual
6,19/08/2025,998.94,Actual
3,25/02/2025,927.77,Actual
17,13/10/2025,121.42,Actual
2,22/03/2023,149.72,Actual
1,14/06/2025,106.82,Actual
7,02/01/2024,130.33,Actual
10,03/01/2024,854.56,Actual
15,03/01/2024,165.63,Actual
9,11/10/2024,123.98,Estimated
18,22/02/2025,321.79,Actual
13,30/01/2023,780.09,Actual
1,24/06/2025,92.31,Actual
11,11/07/2023,882.45,Actual
19,30/05/2023,650.26,Estimated
17,31/03/2023,141.59,Actual
5,29/11/2023,80.53,Estimated
6,11/02/2024,952.11,Actual
7,17/09/2024,119.72,Actual
14,14/03/2025,190.95,Actual
2,30/12/2024,158.59,Actual
15,13/06/2025,165.31,Actual
4,18/07/2023,169.21,Estimated
20,15/04/2024,127.09,Estimated
16,10/07/2023,923.87,Estimated
8,29/04/2025,211.78,Actual
3,15/03/2023,983.66,Actual
12,11/12/2025,119.03,Actual
13,17/02/2023,757.02,Actual
18,20/10/2024,304.05,Actual
10,29/11/2025,891.61,Actual
9,13/09/2024,129.92,Actual
9,29/04/2025,113.21,Actual
14,03/03/2023,193.65,Actual
10,04/07/2025,945.07,Actual
11,21/10/2025,703.78,Actual
8,25/06/2025,207.01,Actual
2,04/07/2024,177.6,Actual
20,11/01/2025,145.57,Estimated
12,27/04/2025,108.89,Actual
19,08/05/2025,525.41,Actual
6,11/07/2023,1046.9,Actual
1,06/05/2024,81.81,Actual
16,08/05/2023,928.73,Actual
17,05/01/2023,149.02,Actual
13,03/06/2025,670.79,Actual
5,25/09/2024,93.61,Actual
15,18/09/2025,162.87,Actual
3,20/12/2024,970.79,Actual
4,17/08/2025,190.04,Estimated
18,08/12/2024,398.01,Actual
7,20/07/2023,108.73,Actual
1,10/05/2023,118.64,Actual
2,28/10/2023,141.93,Actual
20,11/04/2025,114.89,Actual
14,20/06/2025,212.68,Actual
3,27/10/2024,961.65,Actual
7,15/02/2025,116.76,Actual
9,06/05/2025,96.44,Actual
6,12/01/2025,962.26,Estimated
17,01/04/2024,159.98,Actual
16,11/12/2025,1048.29,Actual
15,02/08/2025,175.96,Estimated
13,21/07/2024,737.52,Actual
10,03/10/2023,938.62,Actual
5,23/05/2023,74.49,Actual
19,22/05/2024,550.81,Actual
4,17/03/2024,170.09,Estimated
11,28/04/2024,859.21,Estimated
12,06/03/2025,82.15,Actual
8,08/11/2023,210.24,Actual
18,17/08/2024,317.27,Estimated
4,04/07/2025,151.4,Actual
15,08/09/2025,152.02,Actual
9,25/10/2024,93.94,Actual
10,24/08/2024,935.81,Actual
6,16/06/2025,992.52,Actual
13,19/06/2023,613.46,Actual
11,20/09/2024,807.27,Actual
16,29/09/2024,913.49,Estimated
3,20/03/2024,933.65,Actual
2,14/05/2025,157.13,Actual
17,23/02/2024,157.33,Actual
7,31/07/2024,103.53,Actual
8,22/04/2025,199.25,Actual
14,14/02/2024,206.22,Actual
1,15/03/2025,117.64,Estimated
19,22/12/2024,632.35,Actual
20,12/08/2023,114.56,Actual
18,11/05/2024,396.08,Actual
12,06/01/2024,96.03,Estimated
5,18/11/2023,92.56,Actual
17,27/01/2025,121.4,Actual
3,17/05/2025,984.44,Actual
2,09/01/2024,147.01,Estimated
20,20/02/2025,147.86,Actual
6,30/10/2025,986.51,Actual
11,24/11/2025,723.55,Actual
1,25/06/2023,85.17,Actual
7,03/02/2023,101.9,Actual
18,11/01/2024,342.31,Actual
8,17/02/2023,206.3,Actual
13,20/05/2025,742.69,Estimated
15,12/07/2025,151.59,Actual
16,16/06/2023,915.02,Actual
10,15/02/2024,876.84,Actual
19,16/10/2024,534.61,Actual
12,09/05/2024,104.53,Actual
14,07/10/2024,219.63,Actual
9,27/08/2025,94.06,Actual
5,14/09/2023,109.44,Actual
4,27/12/2023,168.61,Actual
4,05/12/2024,182.28,Actual
9,04/01/2024,93.15,Actual
5,25/03/2024,84.69,Actual
10,19/05/2023,913.58,Actual
18,12/12/2023,354.99,Actual
17,26/12/2025,125.88,Actual
11,29/01/2025,759.61,Actual
19,24/09/2023,614.13,Actual
6,18/07/2024,993.9,Actual
20,10/04/2023,136.44,Actual
8,14/02/2024,200.75,Actual
1,29/08/2023,97.75,Actual
2,07/06/2024,176.41,Actual
15,28/10/2025,154.75,Actual
13,05/05/2025,701.72,Actual
3,22/12/2023,903.58,Actual
12,16/12/2025,103.91,Actual
16,08/01/2024,965.86,Actual
14,22/01/2024,193.55,Actual
7,01/07/2023,137.75,Actual
1,25/07/2023,119.18,Actual
6,01/04/2023,1028.66,Actual
19,06/11/2025,570.35,Actual
9,22/09/2025,102.44,Actual
3,14/01/2024,949.87,Actual
18,25/06/2024,373.49,Actual
5,21/08/2025,102.04,Actual
10,03/08/2023,914.83,Actual
11,14/07/2024,790.53,Actual
17,09/09/2024,159.82,Actual
20,15/07/2025,141.05,Actual
7,25/09/2024,105.46,Actual
12,26/10/2024,108.14,Estimated
4,31/07/2023,187.2,Actual
2,08/01/2025,169.36,Actual
14,09/10/2025,213.55,Actual
16,10/01/2025,924.66,Actual
8,20/12/2024,192.89,Estimated
13,29/06/2024,689.77,Actual
15,15/03/2024,181.67,Actual
7,10/06/2023,100.93,Actual
3,06/11/2024,951.48,Actual
9,26/12/2023,118.66,Actual
1,07/02/2023,102.85,Actual
11,16/04/2025,771.29,Actual
5,21/09/2023,95.01,Actual
20,18/08/2024,135.73,Actual
19,14/11/2025,564.42,Actual
6,12/04/2024,1063.09,Actual
8,15/08/2025,211.97,Actual
2,28/05/2025,140.46,Actual
17,18/12/2024,156.44,Actual
13,15/08/2025,723.5,Actual
15,24/01/2023,174.02,Actual
12,15/09/2023,87.35,Actual
10,31/07/2023,926.35,Actual
4,07/11/2023,168.21,Estimated
16,19/03/2023,1025.78,Actual
14,08/12/2023,191.29,Estimated
18,13/10/2024,372.28,Actual
2,28/05/2024,156.5,Actual
14,25/02/2023,185.49,Actual
7,01/06/2024,135.26,Actual
16,26/10/2024,960.23,Actual
5,17/10/2025,83.35,Actual
15,29/05/2024,189.35,Actual
1,28/07/2023,95.58,Actual
19,02/03/2023,605.45,Actual
12,15/09/2025,93.38,Actual
6,10/03/2025,972.7,Actual
3,13/03/2025,975.74,Actual
17,21/07/2023,155,Actual
10,25/07/2024,871.69,Actual
20,17/12/2025,119.58,Actual
8,26/09/2024,212.5,Estimated
13,15/08/2024,720.94,Actual
11,15/11/2025,866.65,Actual
4,28/03/2025,180.71,Actual
18,03/09/2023,361.94,Actual
9,30/01/2023,105.26,Actual
11,06/06/2024,859.36,Actual
15,02/05/2025,158.9,Actual
8,28/04/2025,203.69,Actual
2,18/10/2024,144.11,Actual
3,12/04/2025,944.85,Estimated
17,18/01/2025,133.77,Actual
5,27/10/2024,82.81,Estimated
19,13/10/2025,646.7,Actual
7,17/05/2024,138.91,Actual
16,03/10/2025,1026.82,Estimated
9,19/03/2023,108.05,Actual
6,28/08/2025,1093.18,Actual
13,26/05/2025,693.76,Actual
12,01/11/2023,86.09,Actual
1,09/02/2025,102.11,Actual
20,20/05/2025,130.31,Actual
14,15/10/2025,206.17,Actual
10,17/12/2025,867.36,Actual
4,25/02/2023,172.7,Actual
18,08/12/2025,308.11,Actual
13,02/09/2023,705.55,Actual
6,07/01/2023,1010.58,Actual
14,18/03/2024,205.9,Actual
15,11/05/2025,180.51,Actual
1,13/10/2024,84.47,Actual
8,24/02/2023,205.13,Actual
19,26/08/2023,595.75,Actual
2,22/11/2023,150.62,Actual
7,20/04/2023,106.16,Actual
20,10/11/2024,150.31,Actual
18,13/12/2025,363.51,Actual
9,25/04/2023,125.24,Actual
4,29/06/2023,180.73,Actual
17,24/10/2025,144.28,Actual
5,01/07/2025,110.69,Actual
10,02/03/2024,882.25,Actual
16,08/04/2025,903.01,Estimated
11,17/03/2024,703.32,Estimated
3,01/12/2023,961.01,Actual
12,12/09/2024,82.93,Actual
13,02/12/2024,756.06,Actual
11,12/04/2023,837.62,Estimated
14,14/08/2025,203.13,Actual
9,17/05/2023,123.37,Actual
19,22/11/2023,506.41,Actual
17,16/07/2025,160.75,Actual
3,09/12/2024,907.97,Actual
4,14/02/2023,171.23,Actual
5,27/04/2024,103.79,Actual
12,10/05/2024,92.97,Actual
7,13/10/2023,138.33,Estimated
1,11/08/2025,91.54,Actual
20,14/07/2025,148.6,Estimated
10,02/06/2025,871.19,Actual
18,18/11/2025,333.8,Actual
15,09/08/2025,166.15,Actual
8,28/09/2025,213.95,Actual
16,28/08/2023,987.87,Estimated
2,06/01/2024,176.39,Actual
6,18/03/2024,956.13,Actual
6,09/11/2025,1015.5,Estimated
11,19/10/2023,886.26,Actual
14,09/06/2024,217.16,Actual
4,08/11/2025,187.62,Actual
13,18/01/2025,724.94,Actual
3,19/07/2025,953.07,Actual
7,15/01/2023,121.07,Estimated
10,13/12/2024,909.75,Actual
19,24/05/2025,606.19,Actual
9,14/02/2024,102.98,Actual
2,21/09/2024,154.98,Actual
16,04/10/2025,1002.44,Actual
15,11/04/2023,155.77,Actual
1,24/12/2023,115.82,Actual
20,10/11/2023,117.97,Actual
5,07/09/2025,110.32,Actual
8,03/12/2023,208.98,Actual
18,13/02/2024,347.56,Actual
12,16/07/2024,86.2,Actual
17,17/01/2025,127.03,Actual
8,30/09/2025,220.59,Actual
11,08/06/2023,822.46,Actual
19,19/03/2024,631.56,Actual
10,07/10/2023,876.59,Actual
4,20/08/2025,186.1,Actual
16,19/09/2025,960.64,Actual
6,05/02/2023,976.95,Estimated
12,19/09/2024,96.15,Actual
7,03/10/2024,133.86,Actual
1,25/01/2023,106.89,Actual
9,17/03/2025,106.66,Actual
2,17/04/2024,177.65,Actual
20,25/02/2023,138.46,Actual
17,22/04/2024,126.91,Actual
14,29/09/2025,196.62,Actual
15,09/09/2025,179.06,Actual
5,28/02/2023,103.84,Estimated
18,15/02/2024,359.84,Estimated
3,16/09/2024,977.02,Actual
13,09/03/2023,712.3,Actual
12,19/09/2023,95.03,Estimated
16,30/12/2025,1024.48,Actual
1,14/01/2024,97.11,Actual
5,11/06/2025,93.18,Actual
3,06/01/2025,943.14,Actual
2,01/10/2025,141.23,Estimated
11,06/09/2024,744.46,Actual
18,21/05/2024,330.75,Actual
15,17/10/2023,168.45,Actual
19,10/11/2025,537.73,Estimated
4,14/03/2023,150.81,Actual
9,07/02/2023,114.84,Actual
7,02/11/2024,106.96,Actual
20,13/09/2025,115.3,Actual
17,02/02/2025,155.63,Actual
10,14/08/2025,876.02,Actual
14,29/11/2023,189.5,Estimated
13,09/09/2024,626.14,Actual
6,23/03/2023,1031.35,Actual
8,17/12/2025,196.75,Actual
11,22/05/2023,792.59,Actual
12,29/12/2023,82.07,Actual
16,14/04/2023,1017.48,Actual
3,23/03/2025,947.12,Actual
4,20/07/2025,161,Actual
14,14/02/2024,207.73,Actual
15,04/01/2025,175.27,Actual
13,01/04/2023,713.78,Actual
9,14/12/2025,99.69,Actual
1,08/09/2025,98.21,Actual
10,10/11/2024,909.02,Actual
18,20/02/2025,332.79,Actual
19,22/02/2023,510.99,Actual
2,22/04/2023,168.4,Actual
20,07/01/2025,136.48,Actual
8,28/04/2023,195.5,Actual
6,22/03/2025,1040.47,Estimated
17,24/01/2025,120.76,Actual
7,11/06/2024,136.14,Actual
5,29/04/2024,76.89,Actual
3,06/12/2024,977.02,Actual
10,05/01/2024,866.85,Actual
14,28/12/2025,206.4,Estimated
9,06/02/2023,97.96,Actual
7,21/08/2025,103.07,Actual
4,08/05/2025,189.73,Actual
12,14/12/2024,96.99,Actual
15,17/02/2025,184.32,Actual
2,04/06/2024,173.2,Actual
11,31/03/2023,850.57,Actual
5,25/02/2025,96.51,Actual
8,08/03/2025,185.06,Actual
19,29/11/2024,553.56,Actual
16,29/04/2025,1044.06,Estimated
13,19/01/2024,766.81,Actual
1,14/05/2024,81.93,Actual
17,05/07/2023,150.58,Actual
6,30/10/2025,1052.33,Actual
20,16/01/2024,112.31,Actual
18,04/08/2024,311.48,Actual
7,31/05/2023,112.87,Actual
13,26/08/2024,657.11,Actual
14,18/09/2025,183.08,Actual
16,08/11/2025,919.36,Actual
2,16/04/2024,140.95,Actual
17,09/11/2025,147.87,Actual
1,17/09/2025,120.09,Actual
5,12/08/2025,86.45,Actual
4,13/11/2024,178.28,Actual
9,16/01/2024,122.99,Actual
15,15/06/2024,154.58,Actual
8,08/03/2025,189.16,Actual
20,01/09/2024,131.45,Estimated
18,06/03/2024,336.8,Estimated
12,30/04/2023,83.28,Actual
10,04/06/2024,853.65,Actual
6,11/09/2023,1039.44,Estimated
19,31/08/2025,592.86,Actual
3,22/05/2025,988.92,Estimated
11,15/09/2023,892.85,Actual
1,16/02/2023,85.24,Actual
5,03/04/2024,106.97,Estimated
16,10/12/2023,915.35,Actual
6,19/09/2024,1057.74,Actual
18,19/04/2025,368.88,Actual
7,25/01/2025,102.77,Actual
14,15/11/2023,220.28,Actual
17,07/03/2023,156.59,Actual
12,22/06/2025,118.68,Actual
20,06/09/2024,143.09,Estimated
9,26/08/2024,102.39,Actual
3,16/04/2024,1000.19,Actual
19,30/11/2023,508.35,Actual
4,14/08/2024,181.13,Actual
15,16/07/2024,175.91,Actual
11,01/09/2023,701.29,Estimated
13,11/03/2025,687.73,Estimated
8,01/12/2023,196.77,Actual
2,14/06/2024,180.47,Actual
10,10/09/2024,863.48,Actual
8,20/10/2025,198.75,Actual
20,02/06/2024,145.81,Actual
5,20/10/2025,85.3,Actual
9,18/10/2023,127.7,Actual
3,06/10/2023,991.54,Estimated
7,12/09/2023,135.05,Actual
13,14/11/2025,667.13,Estimated
14,14/09/2023,208.21,Actual
18,16/08/2024,379.18,Actual
2,03/05/2023,149.26,Actual
12,19/03/2025,87.55,Actual
10,18/04/2025,904.44,Actual
19,21/02/2023,606.98,Actual
6,21/11/2025,999.69,Actual
16,27/01/2023,956.43,Actual
15,09/10/2023,155.2,Actual
1,11/09/2023,117.94,Actual
17,20/02/2025,139.69,Actual
4,24/12/2023,151.57,Actual
11,11/06/2023,723,Actual
